{"_id":{"$oid":"576107d3c0007204ddb0d0a7"},"name":"expedia.com ","tposid":{"$numberLong":"1"}}
{"_id":{"$oid":"576107d3c0007204ddb0d0a8"},"name":"expedia.com.br ","tposid":{"$numberLong":"69"}}
{"_id":{"$oid":"576107d3c0007204ddb0d0a9"},"name":"expedia.ca ","tposid":{"$numberLong":"4"}}
{"_id":{"$oid":"576107d3c0007204ddb0d0aa"},"name":"Expedia.com.ar ","tposid":{"$numberLong":"70"}}
{"_id":{"$oid":"576107d3c0007204ddb0d0ab"},"name":"Expedia.com.mx ","tposid":{"$numberLong":"12"}}
{"_id":{"$oid":"576107d3c0007204ddb0d0ac"},"name":"Expedia.com.au ","tposid":{"$numberLong":"25"}}
{"_id":{"$oid":"576107d3c0007204ddb0d0ad"},"name":"Expedia.com.hk ","tposid":{"$numberLong":"18"}}
{"_id":{"$oid":"576107d3c0007204ddb0d0ae"},"name":"Expedia.in ","tposid":{"$numberLong":"27"}}
{"_id":{"$oid":"576107d3c0007204ddb0d0af"},"name":"Expedia.co.jp ","tposid":{"$numberLong":"28"}}
{"_id":{"$oid":"576107d3c0007204ddb0d0b0"},"name":"Expedia.co.kr ","tposid":{"$numberLong":"16"}}
{"_id":{"$oid":"576107d3c0007204ddb0d0b1"},"name":"Expedia.com.my ","tposid":{"$numberLong":"15"}}
{"_id":{"$oid":"576107d3c0007204ddb0d0b2"},"name":"Expedia.nz ","tposid":{"$numberLong":"29"}}
{"_id":{"$oid":"576107d3c0007204ddb0d0b3"},"name":"Expedia.com.ph ","tposid":{"$numberLong":"68"}}
{"_id":{"$oid":"576107d3c0007204ddb0d0b4"},"name":"Expedia.com.sg ","tposid":{"$numberLong":"14"}}
{"_id":{"$oid":"576107d3c0007204ddb0d0b5"},"name":"Expedia.com.tw ","tposid":{"$numberLong":"62"}}
{"_id":{"$oid":"576107d3c0007204ddb0d0b6"},"name":"Expedia.co.th ","tposid":{"$numberLong":"17"}}
{"_id":{"$oid":"576107d3c0007204ddb0d0b7"},"name":"Expedia.com.vn ","tposid":{"$numberLong":"71"}}
{"_id":{"$oid":"576107d3c0007204ddb0d0b8"},"name":"Expedia.co.id ","tposid":{"$numberLong":"61"}}
{"_id":{"$oid":"576107d3c0007204ddb0d0b9"},"name":"expedia.co.uk ","tposid":{"$numberLong":"3"}}
{"_id":{"$oid":"576107d3c0007204ddb0d0ba"},"name":"expedia.de ","tposid":{"$numberLong":"6"}}
{"_id":{"$oid":"576107d3c0007204ddb0d0bb"},"name":"expedia.it ","tposid":{"$numberLong":"8"}}
{"_id":{"$oid":"576107d3c0007204ddb0d0bc"},"name":"expedia.es ","tposid":{"$numberLong":"9"}}
{"_id":{"$oid":"576107d3c0007204ddb0d0bd"},"name":"expedia.fr ","tposid":{"$numberLong":"20"}}
{"_id":{"$oid":"576107d3c0007204ddb0d0be"},"name":"Expedia.co.at ","tposid":{"$numberLong":"6"}}
{"_id":{"$oid":"576107d3c0007204ddb0d0bf"},"name":"Expedia.be ","tposid":{"$numberLong":"64"}}
{"_id":{"$oid":"576107d3c0007204ddb0d0c0"},"name":"Expedia.dk ","tposid":{"$numberLong":"67"}}
{"_id":{"$oid":"576107d3c0007204ddb0d0c1"},"name":"Expedia.ie ","tposid":{"$numberLong":"63"}}
{"_id":{"$oid":"576107d3c0007204ddb0d0c2"},"name":"Expedia.nl ","tposid":{"$numberLong":"11"}}
{"_id":{"$oid":"576107d3c0007204ddb0d0c3"},"name":"Expedia.no ","tposid":{"$numberLong":"66"}}
{"_id":{"$oid":"576107d3c0007204ddb0d0c4"},"name":"Expedia.se ","tposid":{"$numberLong":"65"}}
{"_id":{"$oid":"576107d3c0007204ddb0d0c5"},"name":"hotels.com ","tposid":{"$numberLong":"251463"}}
{"_id":{"$oid":"576107d3c0007204ddb0d0c6"},"name":"hoteis.com ","tposid":{"$numberLong":"86175"}}
{"_id":{"$oid":"576107d3c0007204ddb0d0c7"},"name":"hoteles.com ","tposid":{"$numberLong":"97815"}}
{"_id":{"$oid":"576107d3c0007204ddb0d0c8"},"name":"hoteles.com ","tposid":{"$numberLong":"208646"}}
{"_id":{"$oid":"576107d3c0007204ddb0d0c9"},"name":"hoteles.com ","tposid":{"$numberLong":"208691"}}
{"_id":{"$oid":"576107d3c0007204ddb0d0ca"},"name":"hoteles.com ","tposid":{"$numberLong":"133480"}}
{"_id":{"$oid":"576107d3c0007204ddb0d0cb"},"name":"hoteles.com ","tposid":{"$numberLong":"97814"}}
{"_id":{"$oid":"576107d3c0007204ddb0d0cc"},"name":"hoteles.com ","tposid":{"$numberLong":"125191"}}
{"_id":{"$oid":"576107d3c0007204ddb0d0cd"},"name":"hoteles.com ","tposid":{"$numberLong":"208666"}}
{"_id":{"$oid":"576107d3c0007204ddb0d0ce"},"name":"hoteles.com ","tposid":{"$numberLong":"208650"}}
{"_id":{"$oid":"576107d3c0007204ddb0d0cf"},"name":"fr.hotels.com ","tposid":{"$numberLong":"208711"}}
{"_id":{"$oid":"576107d3c0007204ddb0d0d0"},"name":"hoteles.com ","tposid":{"$numberLong":"140093"}}
{"_id":{"$oid":"576107d3c0007204ddb0d0d1"},"name":"hoteles.com ","tposid":{"$numberLong":"208703"}}
{"_id":{"$oid":"576107d3c0007204ddb0d0d2"},"name":"hoteles.com ","tposid":{"$numberLong":"208642"}}
{"_id":{"$oid":"576107d3c0007204ddb0d0d3"},"name":"hotels.com ","tposid":{"$numberLong":"70583"}}
{"_id":{"$oid":"576107d3c0007204ddb0d0d4"},"name":"de.hotels.com ","tposid":{"$numberLong":"71004"}}
{"_id":{"$oid":"576107d3c0007204ddb0d0d5"},"name":"cn.hotels.com ","tposid":{"$numberLong":"86159"}}
{"_id":{"$oid":"576107d3c0007204ddb0d0d6"},"name":"hotels.co.uk ","tposid":{"$numberLong":"207191"}}
{"_id":{"$oid":"576107d3c0007204ddb0d0d7"},"name":"de.hotels.com ","tposid":{"$numberLong":"70994"}}
{"_id":{"$oid":"576107d3c0007204ddb0d0d8"},"name":"it.hotels.com ","tposid":{"$numberLong":"70996"}}
{"_id":{"$oid":"576107d3c0007204ddb0d0d9"},"name":"hoteles.com ","tposid":{"$numberLong":"70995"}}
{"_id":{"$oid":"576107d3c0007204ddb0d0da"},"name":"hotels.ca ","tposid":{"$numberLong":"70991"}}
{"_id":{"$oid":"576107d3c0007204ddb0d0db"},"name":"fr.hotels.com ","tposid":{"$numberLong":"70993"}}
{"_id":{"$oid":"576107d3c0007204ddb0d0dc"},"name":"fr.hotels.com ","tposid":{"$numberLong":"71002"}}
{"_id":{"$oid":"576107d3c0007204ddb0d0dd"},"name":"hr.hotels.com ","tposid":{"$numberLong":"213609"}}
{"_id":{"$oid":"576107d3c0007204ddb0d0de"},"name":"cs.hotels.com ","tposid":{"$numberLong":"213610"}}
{"_id":{"$oid":"576107d3c0007204ddb0d0df"},"name":"da.hotels.com ","tposid":{"$numberLong":"70998"}}
{"_id":{"$oid":"576107d3c0007204ddb0d0e0"},"name":"et.hotels.com ","tposid":{"$numberLong":"213612"}}
{"_id":{"$oid":"576107d3c0007204ddb0d0e1"},"name":"fi.hotels.com ","tposid":{"$numberLong":"83481"}}
{"_id":{"$oid":"576107d3c0007204ddb0d0e2"},"name":"gr.hotels.com ","tposid":{"$numberLong":"213613"}}
{"_id":{"$oid":"576107d3c0007204ddb0d0e3"},"name":"zh.hotels.com ","tposid":{"$numberLong":"83786"}}
{"_id":{"$oid":"576107d3c0007204ddb0d0e4"},"name":"hu.hotels.com ","tposid":{"$numberLong":"213615"}}
{"_id":{"$oid":"576107d3c0007204ddb0d0e5"},"name":"is.hotels.com ","tposid":{"$numberLong":"213616"}}
{"_id":{"$oid":"576107d3c0007204ddb0d0e6"},"name":"hotels.com ","tposid":{"$numberLong":"252364"}}
{"_id":{"$oid":"576107d3c0007204ddb0d0e7"},"name":"id.hotels.com ","tposid":{"$numberLong":"236979"}}
{"_id":{"$oid":"576107d3c0007204ddb0d0e8"},"name":"hotels.com ","tposid":{"$numberLong":"207181"}}
{"_id":{"$oid":"576107d3c0007204ddb0d0e9"},"name":"jp.hotels.com ","tposid":{"$numberLong":"84882"}}
{"_id":{"$oid":"576107d3c0007204ddb0d0ea"},"name":"kr.hotels.com ","tposid":{"$numberLong":"91256"}}
{"_id":{"$oid":"576107d3c0007204ddb0d0eb"},"name":"lv.hotels.com ","tposid":{"$numberLong":"213617"}}
{"_id":{"$oid":"576107d3c0007204ddb0d0ec"},"name":"lt.hotels.com ","tposid":{"$numberLong":"213618"}}
{"_id":{"$oid":"576107d3c0007204ddb0d0ed"},"name":"ms.hotels.com ","tposid":{"$numberLong":"248814"}}
{"_id":{"$oid":"576107d3c0007204ddb0d0ee"},"name":"hoteles.com ","tposid":{"$numberLong":"91871"}}
{"_id":{"$oid":"576107d3c0007204ddb0d0ef"},"name":"nl.hotels.com ","tposid":{"$numberLong":"71001"}}
{"_id":{"$oid":"576107d3c0007204ddb0d0f0"},"name":"hotels.com ","tposid":{"$numberLong":"87703"}}
{"_id":{"$oid":"576107d3c0007204ddb0d0f1"},"name":"hoteles.com ","tposid":{"$numberLong":"208654"}}
{"_id":{"$oid":"576107d3c0007204ddb0d0f2"},"name":"no.hotels.com ","tposid":{"$numberLong":"71000"}}
{"_id":{"$oid":"576107d3c0007204ddb0d0f3"},"name":"hoteles.com ","tposid":{"$numberLong":"140094"}}
{"_id":{"$oid":"576107d3c0007204ddb0d0f4"},"name":"hoteles.com ","tposid":{"$numberLong":"208699"}}
{"_id":{"$oid":"576107d3c0007204ddb0d0f5"},"name":"hoteles.com ","tposid":{"$numberLong":"140095"}}
{"_id":{"$oid":"576107d3c0007204ddb0d0f6"},"name":"hotels.com ","tposid":{"$numberLong":"95327"}}
{"_id":{"$oid":"576107d3c0007204ddb0d0f7"},"name":"pl.hotels.com ","tposid":{"$numberLong":"126760"}}
{"_id":{"$oid":"576107d3c0007204ddb0d0f8"},"name":"hoteis.com ","tposid":{"$numberLong":"207189"}}
{"_id":{"$oid":"576107d3c0007204ddb0d0f9"},"name":"ru.hotels.com ","tposid":{"$numberLong":"126796"}}
{"_id":{"$oid":"576107d3c0007204ddb0d0fa"},"name":"hotels.com ","tposid":{"$numberLong":"84478"}}
{"_id":{"$oid":"576107d3c0007204ddb0d0fb"},"name":"sk.hotels.com ","tposid":{"$numberLong":"213639"}}
{"_id":{"$oid":"576107d3c0007204ddb0d0fc"},"name":"hotels.com ","tposid":{"$numberLong":"354116"}}
{"_id":{"$oid":"576107d3c0007204ddb0d0fd"},"name":"nl.hotels.com ","tposid":{"$numberLong":"208707"}}
{"_id":{"$oid":"576107d3c0007204ddb0d0fe"},"name":"sv.hotels.com ","tposid":{"$numberLong":"70999"}}
{"_id":{"$oid":"576107d3c0007204ddb0d0ff"},"name":"Fr.hotels.com ","tposid":{"$numberLong":"71003"}}
{"_id":{"$oid":"576107d3c0007204ddb0d100"},"name":"tw.hotels.com ","tposid":{"$numberLong":"91257"}}
{"_id":{"$oid":"576107d3c0007204ddb0d101"},"name":"th.hotels.com ","tposid":{"$numberLong":"248811"}}
{"_id":{"$oid":"576107d3c0007204ddb0d102"},"name":"tr.hotels.com ","tposid":{"$numberLong":"213635"}}
{"_id":{"$oid":"576107d3c0007204ddb0d103"},"name":"uk.hotels.com ","tposid":{"$numberLong":"213636"}}
{"_id":{"$oid":"576107d3c0007204ddb0d104"},"name":"hoteles.com ","tposid":{"$numberLong":"208695"}}
{"_id":{"$oid":"576107d3c0007204ddb0d105"},"name":"hoteles.com ","tposid":{"$numberLong":"133479"}}
{"_id":{"$oid":"576107d3c0007204ddb0d106"},"name":"vi.hotels.com ","tposid":{"$numberLong":"144555"}}
{"_id":{"$oid":"576107d3c0007204ddb0d107"},"name":"hotels.com ","tposid":{"$numberLong":"373527"}}
{"_id":{"$oid":"576107d3c0007204ddb0d108"},"name":"voyages-sncf.com ","tposid":{"$numberLong":"7"}}
